selling_price,currency,availability,color,category,source,brand,country,language,average_rating,reviews_count
40,USD,InStock,Black,Clothing,adidas United States,adidas,USA,en,4.5,35
150,USD,InStock,Grey,Shoes,adidas United States,adidas,USA,en,4.8,4
70,USD,InStock,White,Clothing,adidas United States,adidas,USA,en,4.9,42
160,USD,InStock,Black,Shoes,adidas United States,adidas,USA,en,3.7,7
65,USD,InStock,Blue,Clothing,adidas United States,adidas,USA,en,4.7,11
110,USD,InStock,Grey,Shoes,adidas United States,adidas,USA,en,4.9,30
80,USD,InStock,Black,Clothing,adidas United States,adidas,USA,en,4.5,17
60,USD,InStock,Black,Clothing,adidas United States,adidas,USA,en,4.5,16
40,USD,InStock,Black,Clothing,adidas United States,adidas,USA,en,4.5,35
65,USD,InStock,Black,Clothing,adidas United States,adidas,USA,en,4.8,66
60,USD,InStock,Black,Clothing,adidas United States,adidas,USA,en,4.4,26
20,USD,InStock,White,Accessories,adidas United States,adidas,USA,en,4,5
70,USD,InStock,White,Clothing,adidas United States,adidas,USA,en,5,2
14,USD,InStock,Black,Accessories,adidas United States,adidas,USA,en,4.8,21
30,USD,InStock,Blue,Accessories,adidas United States,adidas,USA,en,5,19
20,USD,InStock,Purple,Clothing,adidas United States,adidas,USA,en,4.8,116
20,USD,InStock,Pink,Clothing,adidas United States,adidas,USA,en,4.8,116
50,USD,InStock,White,Shoes,adidas United States,adidas,USA,en,4.8,46
20,USD,InStock,Green,Clothing,adidas United States,adidas,USA,en,4.8,116
48,USD,InStock,Blue,Clothing,adidas United States,adidas,USA,en,4.2,144
64,USD,InStock,Blue,Shoes,adidas United States,adidas,USA,en,4.4,160
91,USD,InStock,Purple,Shoes,adidas United States,adidas,USA,en,4.5,63
56,USD,InStock,Grey,Shoes,adidas United States,adidas,USA,en,4.6,135
20,USD,InStock,Pink,Shoes,adidas United States,adidas,USA,en,4.6,327
20,USD,InStock,White,Clothing,adidas United States,adidas,USA,en,4.8,116
10,USD,InStock,White,Accessories,adidas United States,adidas,USA,en,5,10
32,USD,InStock,Purple,Clothing,adidas United States,adidas,USA,en,4.7,49
64,USD,InStock,White,Shoes,adidas United States,adidas,USA,en,4.3,106
18,USD,InStock,Yellow,Clothing,adidas United States,adidas,USA,en,4.4,7
44,USD,InStock,Green,Clothing,adidas United States,adidas,USA,en,5,21
20,USD,InStock,Black,Clothing,adidas United States,adidas,USA,en,4.4,7
24,USD,InStock,Blue,Clothing,adidas United States,adidas,USA,en,4.6,78
84,USD,InStock,Blue,Shoes,adidas United States,adidas,USA,en,4.5,204
35,USD,InStock,Black,Shoes,adidas United States,adidas,USA,en,5,9
40,USD,InStock,Blue,Clothing,adidas United States,adidas,USA,en,4.7,14
120,USD,InStock,Black,Clothing,adidas United States,adidas,USA,en,4,2
120,USD,InStock,White,Clothing,adidas United States,adidas,USA,en,4,2
56,USD,InStock,Green,Clothing,adidas United States,adidas,USA,en,4.8,20
24,USD,InStock,Green,Clothing,adidas United States,adidas,USA,en,4.7,104
42,USD,InStock,Blue,Clothing,adidas United States,adidas,USA,en,4.9,88
60,USD,InStock,White,Shoes,adidas United States,adidas,USA,en,4.2,120
18,USD,InStock,Grey,Clothing,adidas United States,adidas,USA,en,4.8,54
20,USD,InStock,Black,Clothing,adidas United States,adidas,USA,en,4,6
105,USD,InStock,White,Shoes,adidas United States,adidas,USA,en,4.7,2540
56,USD,InStock,Blue,Shoes,adidas United States,adidas,USA,en,4.6,135
44,USD,InStock,Blue,Clothing,adidas United States,adidas,USA,en,5,21
105,USD,InStock,White,Shoes,adidas United States,adidas,USA,en,4.7,58
60,USD,InStock,Grey,Shoes,adidas United States,adidas,USA,en,4.8,78
42,USD,InStock,Blue,Clothing,adidas United States,adidas,USA,en,4.8,8
105,USD,InStock,Black,Shoes,adidas United States,adidas,USA,en,4.7,183
60,USD,InStock,Purple,Clothing,adidas United States,adidas,USA,en,5,1
36,USD,InStock,Blue,Clothing,adidas United States,adidas,USA,en,5,8
20,USD,InStock,Pink,Clothing,adidas United States,adidas,USA,en,4,2
36,USD,InStock,Black,Clothing,adidas United States,adidas,USA,en,4.3,16
36,USD,InStock,Black,Clothing,adidas United States,adidas,USA,en,4.9,19
41,USD,InStock,Purple,Clothing,adidas United States,adidas,USA,en,4.3,16
105,USD,InStock,Green,Shoes,adidas United States,adidas,USA,en,4.7,58
10,USD,InStock,Grey,Accessories,adidas United States,adidas,USA,en,4.8,6
32,USD,InStock,Grey,Clothing,adidas United States,adidas,USA,en,4.6,14
40,USD,InStock,Purple,Clothing,adidas United States,adidas,USA,en,4.6,57
135,USD,InStock,White,Shoes,adidas United States,adidas,USA,en,4.7,183
135,USD,InStock,Blue,Shoes,adidas United States,adidas,USA,en,4.3,26
53,USD,InStock,White,Shoes,adidas United States,adidas,USA,en,4.8,78
64,USD,InStock,Grey,Shoes,adidas United States,adidas,USA,en,4.6,146
68,USD,InStock,Black,Shoes,adidas United States,adidas,USA,en,4.6,377
52,USD,InStock,White,Shoes,adidas United States,adidas,USA,en,4.8,59
70,USD,InStock,Blue,Shoes,adidas United States,adidas,USA,en,3.9,515
56,USD,InStock,White,Shoes,adidas United States,adidas,USA,en,4.6,37
56,USD,InStock,White,Shoes,adidas United States,adidas,USA,en,4.5,808
105,USD,InStock,White,Shoes,adidas United States,adidas,USA,en,4.7,58
105,USD,InStock,Purple,Shoes,adidas United States,adidas,USA,en,4.7,58
70,USD,InStock,White,Shoes,adidas United States,adidas,USA,en,4.2,77
77,USD,InStock,Grey,Shoes,adidas United States,adidas,USA,en,5,1
70,USD,InStock,Black,Shoes,adidas United States,adidas,USA,en,3.9,515
77,USD,InStock,Black,Shoes,adidas United States,adidas,USA,en,5,1
70,USD,InStock,Grey,Shoes,adidas United States,adidas,USA,en,4.2,77
70,USD,InStock,Pink,Shoes,adidas United States,adidas,USA,en,4.2,77
52,USD,InStock,White,Shoes,adidas United States,adidas,USA,en,4.7,838
21,USD,InStock,Black,Clothing,adidas United States,adidas,USA,en,4.8,349
70,USD,InStock,White,Shoes,adidas United States,adidas,USA,en,4.2,77
56,USD,InStock,White,Shoes,adidas United States,adidas,USA,en,4.2,350
96,USD,InStock,White,Shoes,adidas United States,adidas,USA,en,4.3,8
27,USD,InStock,Red,Clothing,adidas United States,adidas,USA,en,4.8,349
56,USD,InStock,Yellow,Shoes,adidas United States,adidas,USA,en,4.2,350
20,USD,InStock,Green,Clothing,adidas United States,adidas,USA,en,4.6,344
13,USD,InStock,White,Accessories,adidas United States,adidas,USA,en,4.6,62
46,USD,InStock,Yellow,Clothing,adidas United States,adidas,USA,en,4.8,387
48,USD,InStock,Blue,Clothing,adidas United States,adidas,USA,en,4.8,214
20,USD,InStock,Green,Clothing,adidas United States,adidas,USA,en,4.7,293
28,USD,InStock,Black,Accessories,adidas United States,adidas,USA,en,4.8,14
40,USD,InStock,Blue,Clothing,adidas United States,adidas,USA,en,4.4,91
12,USD,InStock,Green,Accessories,adidas United States,adidas,USA,en,4.9,273
13,USD,InStock,White,Accessories,adidas United States,adidas,USA,en,4.9,273
10,USD,InStock,White,Accessories,adidas United States,adidas,USA,en,4.8,60
64,USD,InStock,Multicolor,Clothing,adidas United States,adidas,USA,en,4.7,88
77,USD,InStock,Blue,Clothing,adidas United States,adidas,USA,en,4.7,47
36,USD,InStock,Purple,Clothing,adidas United States,adidas,USA,en,4.9,37
80,USD,InStock,Black,Clothing,adidas United States,adidas,USA,en,4.3,3
60,USD,InStock,Pink,Shoes,adidas United States,adidas,USA,en,4.7,1918
60,USD,InStock,Pink,Shoes,adidas United States,adidas,USA,en,4.7,1918
18,USD,InStock,White,Clothing,adidas United States,adidas,USA,en,4.6,40
36,USD,InStock,Blue,Clothing,adidas United States,adidas,USA,en,3.9,134
28,USD,InStock,Gold,Shoes,adidas United States,adidas,USA,en,4.7,3812
28,USD,InStock,White,Shoes,adidas United States,adidas,USA,en,4.7,3812
39,USD,InStock,Green,Clothing,adidas United States,adidas,USA,en,4.7,66
28,USD,InStock,Purple,Shoes,adidas United States,adidas,USA,en,4.7,3812
44,USD,InStock,Blue,Clothing,adidas United States,adidas,USA,en,4.7,44
20,USD,InStock,White,Clothing,adidas United States,adidas,USA,en,4.7,35
32,USD,InStock,Black,Clothing,adidas United States,adidas,USA,en,4.7,201
36,USD,InStock,Black,Clothing,adidas United States,adidas,USA,en,3.9,134
24,USD,InStock,Grey,Clothing,adidas United States,adidas,USA,en,4.6,67
28,USD,InStock,Purple,Clothing,adidas United States,adidas,USA,en,4.5,236
68,USD,InStock,Pink,Clothing,adidas United States,adidas,USA,en,5,6
28,USD,InStock,Pink,Clothing,adidas United States,adidas,USA,en,4.7,201
24,USD,InStock,Green,Clothing,adidas United States,adidas,USA,en,4.6,78
21,USD,InStock,Grey,Clothing,adidas United States,adidas,USA,en,4.6,78
46,USD,InStock,Blue,Clothing,adidas United States,adidas,USA,en,4.8,66
32,USD,InStock,Red,Clothing,adidas United States,adidas,USA,en,4.8,51
24,USD,InStock,Blue,Clothing,adidas United States,adidas,USA,en,4.6,78
44,USD,InStock,Black,Clothing,adidas United States,adidas,USA,en,4.7,44
52,USD,InStock,Black,Clothing,adidas United States,adidas,USA,en,4.8,66
32,USD,InStock,Blue,Clothing,adidas United States,adidas,USA,en,4.8,51
28,USD,InStock,Black,Shoes,adidas United States,adidas,USA,en,4.7,3812
44,USD,InStock,Blue,Clothing,adidas United States,adidas,USA,en,4.7,54
32,USD,InStock,Black,Clothing,adidas United States,adidas,USA,en,4.9,30
24,USD,InStock,Blue,Clothing,adidas United States,adidas,USA,en,4.6,67
28,USD,InStock,Gold,Clothing,adidas United States,adidas,USA,en,4.7,201
48,USD,InStock,Blue,Clothing,adidas United States,adidas,USA,en,4.6,67
28,USD,InStock,Pink,Shoes,adidas United States,adidas,USA,en,4.7,3812
28,USD,InStock,Black,Shoes,adidas United States,adidas,USA,en,4.7,3812
28,USD,InStock,Blue,Clothing,adidas United States,adidas,USA,en,4.9,30
24,USD,InStock,Burgundy,Clothing,adidas United States,adidas,USA,en,4.6,78
56,USD,InStock,Black,Shoes,adidas United States,adidas,USA,en,4.8,29
42,USD,InStock,Green,Clothing,adidas United States,adidas,USA,en,4.6,67
46,USD,InStock,Blue,Clothing,adidas United States,adidas,USA,en,4.8,66
108,USD,InStock,White,Shoes,adidas United States,adidas,USA,en,4.5,385
64,USD,InStock,White,Shoes,adidas United States,adidas,USA,en,4.4,44
60,USD,InStock,Grey,Shoes,adidas United States,adidas,USA,en,4.6,377
60,USD,InStock,Black,Shoes,adidas United States,adidas,USA,en,4.6,377
84,USD,InStock,Black,Shoes,adidas United States,adidas,USA,en,4.8,80
63,USD,InStock,White,Shoes,adidas United States,adidas,USA,en,4.4,594
56,USD,InStock,White,Shoes,adidas United States,adidas,USA,en,4.4,44
56,USD,InStock,White,Shoes,adidas United States,adidas,USA,en,4.4,594
56,USD,InStock,White,Shoes,adidas United States,adidas,USA,en,4.4,44
49,USD,InStock,White,Shoes,adidas United States,adidas,USA,en,4.4,594
91,USD,InStock,Blue,Shoes,adidas United States,adidas,USA,en,4.2,77
56,USD,InStock,White,Shoes,adidas United States,adidas,USA,en,4.5,72
90,USD,InStock,Black,Shoes,adidas United States,adidas,USA,en,4.7,344
32,USD,InStock,Red,Shoes,adidas United States,adidas,USA,en,4.4,207
56,USD,InStock,White,Shoes,adidas United States,adidas,USA,en,4.4,594
32,USD,InStock,White,Shoes,adidas United States,adidas,USA,en,4.4,207
90,USD,InStock,Green,Shoes,adidas United States,adidas,USA,en,4.7,344
91,USD,InStock,White,Shoes,adidas United States,adidas,USA,en,4.2,77
32,USD,InStock,Black,Shoes,adidas United States,adidas,USA,en,4.4,207
32,USD,InStock,Black,Shoes,adidas United States,adidas,USA,en,4.4,207
32,USD,InStock,Black,Shoes,adidas United States,adidas,USA,en,4.4,207
90,USD,InStock,White,Shoes,adidas United States,adidas,USA,en,4.7,344
105,USD,InStock,Grey,Shoes,adidas United States,adidas,USA,en,4.7,183
105,USD,InStock,White,Shoes,adidas United States,adidas,USA,en,4.7,183
20,USD,InStock,Green,Clothing,adidas United States,adidas,USA,en,4.3,27
105,USD,InStock,Black,Shoes,adidas United States,adidas,USA,en,4.7,183
18,USD,InStock,Blue,Clothing,adidas United States,adidas,USA,en,4.8,53
48,USD,InStock,Black,Clothing,adidas United States,adidas,USA,en,4.7,25
60,USD,InStock,White,Shoes,adidas United States,adidas,USA,en,4.3,55
48,USD,InStock,Purple,Clothing,adidas United States,adidas,USA,en,4.7,25
32,USD,InStock,White,Shoes,adidas United States,adidas,USA,en,4.4,207
60,USD,InStock,Red,Shoes,adidas United States,adidas,USA,en,4.3,55
105,USD,InStock,Blue,Shoes,adidas United States,adidas,USA,en,4.7,183
56,USD,InStock,Grey,Clothing,adidas United States,adidas,USA,en,4.2,32
32,USD,InStock,Black,Clothing,adidas United States,adidas,USA,en,4.6,8
48,USD,InStock,Multicolor,Clothing,adidas United States,adidas,USA,en,4.9,19
64,USD,InStock,Grey,Shoes,adidas United States,adidas,USA,en,4.4,152
20,USD,InStock,Pink,Clothing,adidas United States,adidas,USA,en,4.3,27
64,USD,InStock,Purple,Shoes,adidas United States,adidas,USA,en,4.4,152
56,USD,InStock,Black,Clothing,adidas United States,adidas,USA,en,4.2,32
24,USD,InStock,Grey,Clothing,adidas United States,adidas,USA,en,4.6,5
56,USD,InStock,Grey,Shoes,adidas United States,adidas,USA,en,4.4,152
40,USD,InStock,Black,Clothing,adidas United States,adidas,USA,en,4.8,42
20,USD,InStock,Purple,Clothing,adidas United States,adidas,USA,en,4.3,27
10,USD,InStock,White,Accessories,adidas United States,adidas,USA,en,4.7,76
9,USD,InStock,White,Accessories,adidas United States,adidas,USA,en,4.7,76
40,USD,InStock,Blue,Clothing,adidas United States,adidas,USA,en,4.5,29
56,USD,InStock,White,Shoes,adidas United States,adidas,USA,en,4.6,608
32,USD,InStock,Black,Clothing,adidas United States,adidas,USA,en,4.8,47
16,USD,InStock,Black,Accessories,adidas United States,adidas,USA,en,5,1
52,USD,InStock,Red,Clothing,adidas United States,adidas,USA,en,4.2,5
52,USD,InStock,Grey,Clothing,adidas United States,adidas,USA,en,4.8,89
36,USD,InStock,White,Shoes,adidas United States,adidas,USA,en,4.8,580
96,USD,InStock,White,Shoes,adidas United States,adidas,USA,en,4.5,275
64,USD,InStock,Black,Shoes,adidas United States,adidas,USA,en,4.5,214
59,USD,InStock,Pink,Clothing,adidas United States,adidas,USA,en,4.6,14
19,USD,InStock,Burgundy,Accessories,adidas United States,adidas,USA,en,4.6,29
36,USD,InStock,Black,Clothing,adidas United States,adidas,USA,en,3.7,20
25,USD,InStock,White,Clothing,adidas United States,adidas,USA,en,4.9,35
60,USD,InStock,Blue,Clothing,adidas United States,adidas,USA,en,5,6
52,USD,InStock,Black,Shoes,adidas United States,adidas,USA,en,4.4,454
48,USD,InStock,Black,Shoes,adidas United States,adidas,USA,en,4.7,117
46,USD,InStock,Grey,Shoes,adidas United States,adidas,USA,en,4.4,454
96,USD,InStock,Black,Shoes,adidas United States,adidas,USA,en,4.5,275
46,USD,InStock,White,Shoes,adidas United States,adidas,USA,en,4.4,454
46,USD,InStock,Pink,Shoes,adidas United States,adidas,USA,en,4.4,454
53,USD,InStock,White,Shoes,adidas United States,adidas,USA,en,4.8,59
36,USD,InStock,Pink,Shoes,adidas United States,adidas,USA,en,4.8,18
128,USD,InStock,White,Shoes,adidas United States,adidas,USA,en,4.6,241
98,USD,InStock,Black,Shoes,adidas United States,adidas,USA,en,4.5,21
46,USD,InStock,Black,Shoes,adidas United States,adidas,USA,en,4.4,454
64,USD,InStock,Grey,Shoes,adidas United States,adidas,USA,en,4.6,146
72,USD,InStock,Black,Shoes,adidas United States,adidas,USA,en,4.6,146
64,USD,InStock,Grey,Shoes,adidas United States,adidas,USA,en,4.6,146
112,USD,InStock,Black,Shoes,adidas United States,adidas,USA,en,4.5,21
32,USD,InStock,Blue,Clothing,adidas United States,adidas,USA,en,4.9,15
84,USD,InStock,White,Shoes,adidas United States,adidas,USA,en,4.5,275
52,USD,InStock,Black,Shoes,adidas United States,adidas,USA,en,4.5,762
72,USD,InStock,Black,Shoes,adidas United States,adidas,USA,en,4.6,146
84,USD,InStock,Beige,Shoes,adidas United States,adidas,USA,en,4.8,83
36,USD,InStock,White,Shoes,adidas United States,adidas,USA,en,4.8,31
84,USD,InStock,Black,Shoes,adidas United States,adidas,USA,en,4.5,275
84,USD,InStock,Grey,Shoes,adidas United States,adidas,USA,en,4.8,83
72,USD,InStock,White,Shoes,adidas United States,adidas,USA,en,4.6,146
60,USD,InStock,Beige,Shoes,adidas United States,adidas,USA,en,3.9,60
84,USD,InStock,Grey,Shoes,adidas United States,adidas,USA,en,4.5,275
108,USD,InStock,Green,Shoes,adidas United States,adidas,USA,en,4.8,83
36,USD,InStock,Blue,Clothing,adidas United States,adidas,USA,en,3.7,20
60,USD,InStock,Black,Shoes,adidas United States,adidas,USA,en,3.9,60
108,USD,InStock,Yellow,Shoes,adidas United States,adidas,USA,en,4.8,83
108,USD,InStock,Beige,Shoes,adidas United States,adidas,USA,en,4.8,83
52,USD,InStock,Black,Clothing,adidas United States,adidas,USA,en,4.2,5
52,USD,InStock,White,Clothing,adidas United States,adidas,USA,en,4.2,5
20,USD,InStock,Burgundy,Clothing,adidas United States,adidas,USA,en,4.7,41
52,USD,InStock,Pink,Clothing,adidas United States,adidas,USA,en,4.9,154
41,USD,InStock,Black,Accessories,adidas United States,adidas,USA,en,4.7,132
32,USD,InStock,Grey,Clothing,adidas United States,adidas,USA,en,4.8,239
77,USD,InStock,Beige,Shoes,adidas United States,adidas,USA,en,5,1
20,USD,InStock,Black,Accessories,adidas United States,adidas,USA,en,5,51
25,USD,InStock,Multicolor,Clothing,adidas United States,adidas,USA,en,4.2,33
32,USD,InStock,Multicolor,Accessories,adidas United States,adidas,USA,en,4.6,7
28,USD,InStock,White,Shoes,adidas United States,adidas,USA,en,4.7,7291
20,USD,InStock,Grey,Accessories,adidas United States,adidas,USA,en,5,51
24,USD,InStock,Black,Shoes,adidas United States,adidas,USA,en,4.8,84
44,USD,OutOfStock,Black,Clothing,adidas United States,adidas,USA,en,4.8,16
52,USD,InStock,White,Shoes,adidas United States,adidas,USA,en,4.7,838
24,USD,InStock,White,Clothing,adidas United States,adidas,USA,en,4.6,67
21,USD,InStock,Black,Accessories,adidas United States,adidas,USA,en,4.8,12
32,USD,InStock,Black,Shoes,adidas United States,adidas,USA,en,4.7,7291
63,USD,InStock,Black,Shoes,adidas United States,adidas,USA,en,4.7,1891
20,USD,InStock,Black,Shoes,adidas United States,adidas,USA,en,4.5,5815
21,USD,InStock,Green,Accessories,adidas United States,adidas,USA,en,4.8,12
28,USD,InStock,Pink,Shoes,adidas United States,adidas,USA,en,4.7,7291
52,USD,InStock,Green,Shoes,adidas United States,adidas,USA,en,4.7,838
20,USD,InStock,Blue,Shoes,adidas United States,adidas,USA,en,4.5,5815
24,USD,InStock,White,Clothing,adidas United States,adidas,USA,en,4.6,78
28,USD,InStock,Blue,Shoes,adidas United States,adidas,USA,en,4.7,7291
81,USD,InStock,White,Shoes,adidas United States,adidas,USA,en,4.7,1891
56,USD,InStock,White,Shoes,adidas United States,adidas,USA,en,4.6,619
63,USD,InStock,White,Shoes,adidas United States,adidas,USA,en,4.7,1891
35,USD,InStock,Green,Accessories,adidas United States,adidas,USA,en,4.9,28
18,USD,InStock,White,Accessories,adidas United States,adidas,USA,en,4.8,5
44,USD,InStock,Black,Shoes,adidas United States,adidas,USA,en,4.5,449
40,USD,InStock,Burgundy,Accessories,adidas United States,adidas,USA,en,5,3
40,USD,InStock,White,Shoes,adidas United States,adidas,USA,en,4.8,545
35,USD,InStock,Black,Accessories,adidas United States,adidas,USA,en,4.9,28
77,USD,InStock,White,Shoes,adidas United States,adidas,USA,en,4.8,332
50,USD,InStock,Black,Shoes,adidas United States,adidas,USA,en,4.5,449
52,USD,InStock,White,Shoes,adidas United States,adidas,USA,en,4.6,1050
77,USD,InStock,Black,Shoes,adidas United States,adidas,USA,en,4.8,332
20,USD,InStock,Blue,Shoes,adidas United States,adidas,USA,en,4.6,2274
35,USD,InStock,Grey,Shoes,adidas United States,adidas,USA,en,4.8,463
20,USD,InStock,Pink,Shoes,adidas United States,adidas,USA,en,4.6,2274
40,USD,InStock,White,Shoes,adidas United States,adidas,USA,en,4.8,545
44,USD,InStock,Black,Shoes,adidas United States,adidas,USA,en,4.8,234
98,USD,InStock,White,Shoes,adidas United States,adidas,USA,en,4.6,491
20,USD,InStock,White,Shoes,adidas United States,adidas,USA,en,4.5,5499
20,USD,InStock,Blue,Shoes,adidas United States,adidas,USA,en,4.6,2274
44,USD,InStock,White,Shoes,adidas United States,adidas,USA,en,4.5,449
44,USD,InStock,Black,Shoes,adidas United States,adidas,USA,en,4.5,449
98,USD,InStock,Blue,Shoes,adidas United States,adidas,USA,en,4.6,491
112,USD,InStock,Black,Shoes,adidas United States,adidas,USA,en,4.6,491
60,USD,InStock,Grey,Clothing,adidas United States,adidas,USA,en,4.7,45
24,USD,InStock,White,Shoes,adidas United States,adidas,USA,en,4.5,245
16,USD,InStock,Multicolor,Accessories,adidas United States,adidas,USA,en,4.9,76
16,USD,InStock,White,Accessories,adidas United States,adidas,USA,en,4.8,154
70,USD,InStock,White,Shoes,adidas United States,adidas,USA,en,4.5,1047
52,USD,InStock,Red,Clothing,adidas United States,adidas,USA,en,4.8,671
16,USD,InStock,Multicolor,Accessories,adidas United States,adidas,USA,en,4.8,68
16,USD,InStock,White,Accessories,adidas United States,adidas,USA,en,4.8,68
48,USD,InStock,Blue,Shoes,adidas United States,adidas,USA,en,4.6,1365
52,USD,InStock,Pink,Clothing,adidas United States,adidas,USA,en,4.8,671
80,USD,InStock,White,Shoes,adidas United States,adidas,USA,en,4.5,1047
80,USD,InStock,White,Shoes,adidas United States,adidas,USA,en,4.5,1047
24,USD,InStock,Blue,Clothing,adidas United States,adidas,USA,en,4.9,165
36,USD,InStock,Black,Accessories,adidas United States,adidas,USA,en,4.8,59
50,USD,InStock,Blue,Shoes,adidas United States,adidas,USA,en,4.5,1030
80,USD,InStock,Grey,Shoes,adidas United States,adidas,USA,en,4.5,1030
20,USD,InStock,Blue,Accessories,adidas United States,adidas,USA,en,4.8,176
72,USD,InStock,White,Shoes,adidas United States,adidas,USA,en,4.7,1095
24,USD,InStock,Grey,Clothing,adidas United States,adidas,USA,en,4.9,165
44,USD,InStock,Grey,Clothing,adidas United States,adidas,USA,en,4.5,47
60,USD,InStock,Green,Clothing,adidas United States,adidas,USA,en,5,2
36,USD,InStock,Multicolor,Accessories,adidas United States,adidas,USA,en,4.8,59
25,USD,InStock,Red,Clothing,adidas United States,adidas,USA,en,4.2,5
80,USD,InStock,White,Shoes,adidas United States,adidas,USA,en,4.5,1030
70,USD,InStock,White,Shoes,adidas United States,adidas,USA,en,4.5,1030
25,USD,InStock,White,Clothing,adidas United States,adidas,USA,en,4.2,5
88,USD,InStock,White,Shoes,adidas United States,adidas,USA,en,4.7,1095
16,USD,InStock,Multicolor,Accessories,adidas United States,adidas,USA,en,5,18
80,USD,InStock,Black,Shoes,adidas United States,adidas,USA,en,4.5,1030
70,USD,InStock,Purple,Shoes,adidas United States,adidas,USA,en,4.5,1030
24,USD,InStock,Black,Shoes,adidas United States,adidas,USA,en,4.7,470
16,USD,InStock,Multicolor,Accessories,adidas United States,adidas,USA,en,4.8,68
11,USD,InStock,Multicolor,Accessories,adidas United States,adidas,USA,en,4.9,17
13,USD,InStock,White,Accessories,adidas United States,adidas,USA,en,4.8,5
12,USD,InStock,Grey,Accessories,adidas United States,adidas,USA,en,5,2
32,USD,InStock,Red,Accessories,adidas United States,adidas,USA,en,4.8,64
36,USD,InStock,Grey,Accessories,adidas United States,adidas,USA,en,4.8,59
72,USD,InStock,White,Shoes,adidas United States,adidas,USA,en,4.7,11750
23,USD,InStock,White,Clothing,adidas United States,adidas,USA,en,3,2
36,USD,InStock,Black,Accessories,adidas United States,adidas,USA,en,4.8,64
72,USD,InStock,White,Shoes,adidas United States,adidas,USA,en,4.7,11750
36,USD,InStock,Blue,Accessories,adidas United States,adidas,USA,en,4.8,64
80,USD,InStock,White,Shoes,adidas United States,adidas,USA,en,4.7,11750
64,USD,InStock,Black,Clothing,adidas United States,adidas,USA,en,4,1
28,USD,InStock,White,Clothing,adidas United States,adidas,USA,en,4.7,1352
32,USD,InStock,Red,Clothing,adidas United States,adidas,USA,en,4.7,1352
25,USD,InStock,Black,Clothing,adidas United States,adidas,USA,en,4.2,5
33,USD,InStock,White,Clothing,adidas United States,adidas,USA,en,4.7,69
52,USD,InStock,Pink,Clothing,adidas United States,adidas,USA,en,4.8,237
21,USD,InStock,White,Clothing,adidas United States,adidas,USA,en,4.5,46
36,USD,InStock,White,Clothing,adidas United States,adidas,USA,en,4.7,350
25,USD,InStock,Blue,Clothing,adidas United States,adidas,USA,en,4.2,5
18,USD,InStock,Yellow,Clothing,adidas United States,adidas,USA,en,4.7,427
38,USD,InStock,Burgundy,Clothing,adidas United States,adidas,USA,en,4.7,69
18,USD,InStock,Green,Clothing,adidas United States,adidas,USA,en,4.7,427
20,USD,InStock,Blue,Clothing,adidas United States,adidas,USA,en,4.7,427
45,USD,InStock,Grey,Clothing,adidas United States,adidas,USA,en,4.4,215
36,USD,InStock,Blue,Clothing,adidas United States,adidas,USA,en,4.9,19
52,USD,InStock,Pink,Clothing,adidas United States,adidas,USA,en,4.8,8
26,USD,InStock,Pink,Clothing,adidas United States,adidas,USA,en,4.4,10
26,USD,InStock,Green,Clothing,adidas United States,adidas,USA,en,4.4,10
26,USD,InStock,White,Clothing,adidas United States,adidas,USA,en,4.4,10
52,USD,InStock,Purple,Clothing,adidas United States,adidas,USA,en,4.8,8
48,USD,InStock,Black,Clothing,adidas United States,adidas,USA,en,4.4,9
23,USD,InStock,Blue,Clothing,adidas United States,adidas,USA,en,4.5,8
21,USD,InStock,Green,Clothing,adidas United States,adidas,USA,en,4.5,46
48,USD,InStock,White,Clothing,adidas United States,adidas,USA,en,4.4,9
70,USD,InStock,Black,Shoes,adidas United States,adidas,USA,en,4.7,11750
24,USD,InStock,Green,Clothing,adidas United States,adidas,USA,en,5,6
28,USD,InStock,Black,Clothing,adidas United States,adidas,USA,en,4.8,17
24,USD,InStock,Blue,Clothing,adidas United States,adidas,USA,en,5,6
36,USD,InStock,Pink,Clothing,adidas United States,adidas,USA,en,4.7,307
26,USD,InStock,White,Clothing,adidas United States,adidas,USA,en,4.9,37
56,USD,InStock,Black,Clothing,adidas United States,adidas,USA,en,4.1,16
52,USD,InStock,Black,Clothing,adidas United States,adidas,USA,en,4.8,43
21,USD,InStock,Blue,Clothing,adidas United States,adidas,USA,en,4.5,46
49,USD,InStock,Green,Clothing,adidas United States,adidas,USA,en,4.8,142
27,USD,InStock,Black,Accessories,adidas United States,adidas,USA,en,4.8,298
52,USD,InStock,Grey,Clothing,adidas United States,adidas,USA,en,4.6,16
36,USD,InStock,Orange,Clothing,adidas United States,adidas,USA,en,4.9,104
45,USD,InStock,Green,Clothing,adidas United States,adidas,USA,en,4.5,128
32,USD,InStock,Red,Clothing,adidas United States,adidas,USA,en,4.5,56
32,USD,InStock,Blue,Clothing,adidas United States,adidas,USA,en,4.7,307
23,USD,InStock,Pink,Clothing,adidas United States,adidas,USA,en,4.9,37
23,USD,InStock,Green,Clothing,adidas United States,adidas,USA,en,4.7,34
56,USD,InStock,Blue,Clothing,adidas United States,adidas,USA,en,4.7,23
56,USD,InStock,Black,Clothing,adidas United States,adidas,USA,en,4.7,23
77,USD,InStock,Green,Shoes,adidas United States,adidas,USA,en,4.7,111
52,USD,InStock,Blue,Clothing,adidas United States,adidas,USA,en,4.8,43
56,USD,InStock,Grey,Clothing,adidas United States,adidas,USA,en,4.5,29
28,USD,InStock,Green,Clothing,adidas United States,adidas,USA,en,4.9,18
36,USD,InStock,Pink,Clothing,adidas United States,adidas,USA,en,4.8,22
49,USD,InStock,Multicolor,Clothing,adidas United States,adidas,USA,en,4.8,19
63,USD,InStock,Black,Clothing,adidas United States,adidas,USA,en,4.3,9
28,USD,InStock,Black,Clothing,adidas United States,adidas,USA,en,5,9
19,USD,InStock,Black,Accessories,adidas United States,adidas,USA,en,4.9,34
44,USD,InStock,Blue,Clothing,adidas United States,adidas,USA,en,4.7,29
35,USD,InStock,Green,Clothing,adidas United States,adidas,USA,en,4.8,4
32,USD,InStock,Blue,Clothing,adidas United States,adidas,USA,en,4.9,42
36,USD,InStock,Blue,Clothing,adidas United States,adidas,USA,en,4.9,38
56,USD,InStock,Multicolor,Clothing,adidas United States,adidas,USA,en,4.8,19
35,USD,InStock,Black,Clothing,adidas United States,adidas,USA,en,4.8,4
32,USD,InStock,Blue,Clothing,adidas United States,adidas,USA,en,5,15
18,USD,InStock,Red,Accessories,adidas United States,adidas,USA,en,4.5,15
56,USD,InStock,Black,Clothing,adidas United States,adidas,USA,en,4.8,32
16,USD,InStock,Black,Accessories,adidas United States,adidas,USA,en,4.5,15
24,USD,InStock,White,Clothing,adidas United States,adidas,USA,en,4.8,18
49,USD,InStock,Orange,Clothing,adidas United States,adidas,USA,en,5,2
49,USD,InStock,Black,Clothing,adidas United States,adidas,USA,en,5,2
28,USD,InStock,White,Clothing,adidas United States,adidas,USA,en,4.8,4
49,USD,InStock,Blue,Clothing,adidas United States,adidas,USA,en,5,2
56,USD,InStock,Blue,Clothing,adidas United States,adidas,USA,en,4.8,32
13,USD,InStock,Black,Accessories,adidas United States,adidas,USA,en,4.8,45
13,USD,InStock,White,Accessories,adidas United States,adidas,USA,en,4.8,45
52,USD,InStock,Pink,Clothing,adidas United States,adidas,USA,en,4.7,63
40,USD,InStock,Black,Clothing,adidas United States,adidas,USA,en,5,2
13,USD,InStock,White,Accessories,adidas United States,adidas,USA,en,4.8,45
64,USD,InStock,Orange,Clothing,adidas United States,adidas,USA,en,4.9,35
13,USD,InStock,White,Accessories,adidas United States,adidas,USA,en,4.8,45
28,USD,InStock,Black,Clothing,adidas United States,adidas,USA,en,4.6,74
13,USD,InStock,White,Accessories,adidas United States,adidas,USA,en,4.8,45
72,USD,InStock,White,Shoes,adidas United States,adidas,USA,en,4.6,1841
72,USD,InStock,White,Shoes,adidas United States,adidas,USA,en,4.7,9636
63,USD,InStock,White,Shoes,adidas United States,adidas,USA,en,4.7,9636
72,USD,InStock,White,Shoes,adidas United States,adidas,USA,en,4.6,1841
72,USD,InStock,White,Shoes,adidas United States,adidas,USA,en,4.6,1841
84,USD,InStock,Grey,Shoes,adidas United States,adidas,USA,en,4.5,204
36,USD,InStock,Burgundy,Clothing,adidas United States,adidas,USA,en,3.7,3
23,USD,InStock,Blue,Accessories,adidas United States,adidas,USA,en,4.6,48
63,USD,InStock,White,Shoes,adidas United States,adidas,USA,en,4.6,1841
21,USD,InStock,Pink,Shoes,adidas United States,adidas,USA,en,4.7,454
105,USD,InStock,Grey,Shoes,adidas United States,adidas,USA,en,4.7,2540
21,USD,InStock,White,Shoes,adidas United States,adidas,USA,en,4.7,454
13,USD,InStock,Green,Accessories,adidas United States,adidas,USA,en,4.8,45
105,USD,InStock,Red,Shoes,adidas United States,adidas,USA,en,4.7,2540
112,USD,InStock,Grey,Shoes,adidas United States,adidas,USA,en,4.6,3938
21,USD,InStock,Orange,Shoes,adidas United States,adidas,USA,en,4.7,454
84,USD,InStock,Black,Shoes,adidas United States,adidas,USA,en,4.5,204
36,USD,InStock,Black,Clothing,adidas United States,adidas,USA,en,3.7,3
39,USD,InStock,Pink,Clothing,adidas United States,adidas,USA,en,4,25
52,USD,InStock,White,Shoes,adidas United States,adidas,USA,en,4.8,165
84,USD,InStock,Black,Shoes,adidas United States,adidas,USA,en,4.5,125
105,USD,InStock,White,Shoes,adidas United States,adidas,USA,en,4.7,2540
105,USD,InStock,White,Shoes,adidas United States,adidas,USA,en,4.7,2540
105,USD,InStock,Green,Shoes,adidas United States,adidas,USA,en,4.7,2540
105,USD,InStock,White,Shoes,adidas United States,adidas,USA,en,4.7,2540
91,USD,InStock,Black,Shoes,adidas United States,adidas,USA,en,4.5,96
105,USD,InStock,Yellow,Shoes,adidas United States,adidas,USA,en,4.7,2540
46,USD,InStock,White,Shoes,adidas United States,adidas,USA,en,4.7,1599
52,USD,InStock,Multi,Shoes,adidas United States,adidas,USA,en,4.7,1599
88,USD,InStock,White,Shoes,adidas United States,adidas,USA,en,4.7,92
44,USD,InStock,Green,Clothing,adidas United States,adidas,USA,en,4.7,94
21,USD,InStock,Blue,Shoes,adidas United States,adidas,USA,en,4.7,454
46,USD,InStock,Multi,Shoes,adidas United States,adidas,USA,en,4.7,1599
21,USD,InStock,White,Shoes,adidas United States,adidas,USA,en,4.7,454
54,USD,InStock,White,Shoes,adidas United States,adidas,USA,en,4.6,843
21,USD,InStock,White,Shoes,adidas United States,adidas,USA,en,4.7,454
84,USD,InStock,White,Shoes,adidas United States,adidas,USA,en,4.5,125
96,USD,InStock,Pink,Shoes,adidas United States,adidas,USA,en,4.5,125
105,USD,InStock,Grey,Shoes,adidas United States,adidas,USA,en,4.7,2540
46,USD,InStock,White,Shoes,adidas United States,adidas,USA,en,4.7,31
63,USD,InStock,Black,Shoes,adidas United States,adidas,USA,en,4.6,512
98,USD,InStock,Black,Shoes,adidas United States,adidas,USA,en,4.5,108
56,USD,InStock,Black,Shoes,adidas United States,adidas,USA,en,4.5,808
200,USD,InStock,Yellow,Shoes,adidas United States,adidas,USA,en,4.3,260
52,USD,InStock,White,Shoes,adidas United States,adidas,USA,en,4.8,165
52,USD,InStock,Purple,Shoes,adidas United States,adidas,USA,en,4.7,31
64,USD,InStock,Purple,Shoes,adidas United States,adidas,USA,en,4.8,29
98,USD,InStock,White,Shoes,adidas United States,adidas,USA,en,4.5,108
25,USD,InStock,Yellow,Shoes,adidas United States,adidas,USA,en,4.9,25
64,USD,InStock,Black,Shoes,adidas United States,adidas,USA,en,4.5,214
63,USD,InStock,White,Shoes,adidas United States,adidas,USA,en,4.6,512
48,USD,InStock,Pink,Shoes,adidas United States,adidas,USA,en,4.8,85
39,USD,InStock,Black,Shoes,adidas United States,adidas,USA,en,4.6,602
44,USD,InStock,Blue,Shoes,adidas United States,adidas,USA,en,4.5,17
63,USD,InStock,White,Shoes,adidas United States,adidas,USA,en,4.1,251
70,USD,InStock,Black,Shoes,adidas United States,adidas,USA,en,3.9,515
70,USD,InStock,White,Shoes,adidas United States,adidas,USA,en,3.9,515
90,USD,InStock,Blue,Shoes,adidas United States,adidas,USA,en,3.9,515
44,USD,InStock,Grey,Shoes,adidas United States,adidas,USA,en,4.6,602
70,USD,InStock,Green,Shoes,adidas United States,adidas,USA,en,4.2,77
75,USD,OutOfStock,Pink,Shoes,adidas United States,adidas,USA,en,4.1,181
64,USD,InStock,Black,Shoes,adidas United States,adidas,USA,en,4.5,314
90,USD,InStock,White,Shoes,adidas United States,adidas,USA,en,3.9,515
88,USD,InStock,White,Shoes,adidas United States,adidas,USA,en,4.8,1866
90,USD,InStock,Orange,Shoes,adidas United States,adidas,USA,en,3.9,515
56,USD,InStock,Black,Shoes,adidas United States,adidas,USA,en,4.5,41
81,USD,InStock,Black,Shoes,adidas United States,adidas,USA,en,4.1,251
81,USD,InStock,Grey,Shoes,adidas United States,adidas,USA,en,4.1,251
81,USD,InStock,Grey,Shoes,adidas United States,adidas,USA,en,4.1,251
70,USD,InStock,Green,Shoes,adidas United States,adidas,USA,en,3.9,515
56,USD,InStock,Green,Shoes,adidas United States,adidas,USA,en,4.2,350
48,USD,InStock,Black,Shoes,adidas United States,adidas,USA,en,4.9,18
81,USD,InStock,Yellow,Shoes,adidas United States,adidas,USA,en,4.1,251
72,USD,InStock,White,Shoes,adidas United States,adidas,USA,en,4.6,512
90,USD,InStock,White,Shoes,adidas United States,adidas,USA,en,4.7,684
70,USD,InStock,Grey,Shoes,adidas United States,adidas,USA,en,3.9,515
90,USD,InStock,White,Shoes,adidas United States,adidas,USA,en,4.7,684
72,USD,InStock,Blue,Shoes,adidas United States,adidas,USA,en,4.6,512
90,USD,InStock,Blue,Shoes,adidas United States,adidas,USA,en,4.7,684
63,USD,InStock,White,Shoes,adidas United States,adidas,USA,en,4.1,251
70,USD,InStock,Yellow,Shoes,adidas United States,adidas,USA,en,4.2,77
126,USD,InStock,Grey,Shoes,adidas United States,adidas,USA,en,4.6,3900
72,USD,InStock,White,Shoes,adidas United States,adidas,USA,en,4.8,1866
60,USD,InStock,Pink,Shoes,adidas United States,adidas,USA,en,4.5,562
70,USD,InStock,White,Shoes,adidas United States,adidas,USA,en,4.2,77
63,USD,InStock,Blue,Shoes,adidas United States,adidas,USA,en,4.1,251
63,USD,InStock,Black,Shoes,adidas United States,adidas,USA,en,4.1,251
60,USD,InStock,White,Shoes,adidas United States,adidas,USA,en,4.5,562
48,USD,InStock,Grey,Shoes,adidas United States,adidas,USA,en,4.7,540
68,USD,InStock,White,Shoes,adidas United States,adidas,USA,en,4.6,1254
70,USD,InStock,Grey,Shoes,adidas United States,adidas,USA,en,3.9,515
72,USD,InStock,White,Shoes,adidas United States,adidas,USA,en,4.8,1866
68,USD,InStock,Grey,Shoes,adidas United States,adidas,USA,en,4.6,1254
63,USD,InStock,White,Shoes,adidas United States,adidas,USA,en,4.8,1866
72,USD,InStock,White,Shoes,adidas United States,adidas,USA,en,4.8,1866
68,USD,InStock,Black,Shoes,adidas United States,adidas,USA,en,4.6,1254
68,USD,InStock,Black,Shoes,adidas United States,adidas,USA,en,4.6,1254
72,USD,InStock,Yellow,Shoes,adidas United States,adidas,USA,en,4.8,1866
68,USD,InStock,Blue,Shoes,adidas United States,adidas,USA,en,4.8,1866
68,USD,InStock,White,Shoes,adidas United States,adidas,USA,en,4.8,1866
68,USD,InStock,Black,Shoes,adidas United States,adidas,USA,en,4.5,562
53,USD,InStock,Green,Shoes,adidas United States,adidas,USA,en,4.8,470
144,USD,InStock,White,Shoes,adidas United States,adidas,USA,en,4.6,3900
42,USD,InStock,White,Shoes,adidas United States,adidas,USA,en,4.7,540
60,USD,InStock,Grey,Shoes,adidas United States,adidas,USA,en,4.6,1254
52,USD,InStock,White,Shoes,adidas United States,adidas,USA,en,4.2,452
68,USD,InStock,White,Shoes,adidas United States,adidas,USA,en,4.8,1866
68,USD,InStock,White,Shoes,adidas United States,adidas,USA,en,4.8,1866
126,USD,InStock,Black,Shoes,adidas United States,adidas,USA,en,4.6,3900
52,USD,InStock,Grey,Shoes,adidas United States,adidas,USA,en,4.2,452
41,USD,InStock,Blue,Shoes,adidas United States,adidas,USA,en,4.6,2005
36,USD,InStock,Grey,Shoes,adidas United States,adidas,USA,en,4.6,451
64,USD,InStock,Blue,Shoes,adidas United States,adidas,USA,en,4.6,375
68,USD,InStock,White,Shoes,adidas United States,adidas,USA,en,4.8,1866
52,USD,InStock,Black,Shoes,adidas United States,adidas,USA,en,4.2,452
40,USD,InStock,Red,Shoes,adidas United States,adidas,USA,en,4.6,427
40,USD,InStock,White,Shoes,adidas United States,adidas,USA,en,4.6,427
52,USD,InStock,Black,Shoes,adidas United States,adidas,USA,en,4.2,452
72,USD,InStock,Blue,Shoes,adidas United States,adidas,USA,en,4.3,88
48,USD,InStock,White,Shoes,adidas United States,adidas,USA,en,4.7,1518
52,USD,InStock,Black,Shoes,adidas United States,adidas,USA,en,4.2,452
72,USD,InStock,Black,Shoes,adidas United States,adidas,USA,en,4.4,595
112,USD,InStock,White,Shoes,adidas United States,adidas,USA,en,4.5,1702
40,USD,InStock,Grey,Shoes,adidas United States,adidas,USA,en,4.6,427
44,USD,InStock,Grey,Shoes,adidas United States,adidas,USA,en,4.7,104
46,USD,InStock,Pink,Shoes,adidas United States,adidas,USA,en,4.2,452
46,USD,InStock,Black,Shoes,adidas United States,adidas,USA,en,4.2,452
72,USD,InStock,White,Shoes,adidas United States,adidas,USA,en,4.5,94
80,USD,InStock,White,Shoes,adidas United States,adidas,USA,en,4.7,24
72,USD,InStock,White,Shoes,adidas United States,adidas,USA,en,4.5,94
40,USD,InStock,Black,Shoes,adidas United States,adidas,USA,en,4.6,427
56,USD,InStock,White,Shoes,adidas United States,adidas,USA,en,4.6,274
48,USD,InStock,Orange,Shoes,adidas United States,adidas,USA,en,4.7,1518
63,USD,InStock,Pink,Shoes,adidas United States,adidas,USA,en,4.2,38
72,USD,InStock,Grey,Shoes,adidas United States,adidas,USA,en,4.2,319
48,USD,InStock,Blue,Shoes,adidas United States,adidas,USA,en,4.7,1518
56,USD,InStock,White,Shoes,adidas United States,adidas,USA,en,4.6,37
72,USD,InStock,Black,Shoes,adidas United States,adidas,USA,en,4.2,319
63,USD,InStock,Black,Shoes,adidas United States,adidas,USA,en,4.2,38
72,USD,InStock,Grey,Shoes,adidas United States,adidas,USA,en,4.4,595
96,USD,InStock,Black,Shoes,adidas United States,adidas,USA,en,4.6,318
72,USD,InStock,Black,Shoes,adidas United States,adidas,USA,en,4.4,595
126,USD,InStock,White,Shoes,adidas United States,adidas,USA,en,4.5,207
72,USD,InStock,White,Shoes,adidas United States,adidas,USA,en,4.2,319
44,USD,InStock,Red,Shoes,adidas United States,adidas,USA,en,4.7,104
81,USD,InStock,Black,Shoes,adidas United States,adidas,USA,en,4.5,94
60,USD,InStock,Blue,Shoes,adidas United States,adidas,USA,en,4.6,377
144,USD,InStock,Green,Shoes,adidas United States,adidas,USA,en,4.8,584
112,USD,InStock,White,Shoes,adidas United States,adidas,USA,en,4.5,223
60,USD,InStock,Blue,Shoes,adidas United States,adidas,USA,en,4.6,377
112,USD,InStock,White,Shoes,adidas United States,adidas,USA,en,4.5,223
81,USD,InStock,Blue,Shoes,adidas United States,adidas,USA,en,4.5,94
81,USD,InStock,Black,Shoes,adidas United States,adidas,USA,en,4.5,94
96,USD,InStock,White,Shoes,adidas United States,adidas,USA,en,4.6,318
63,USD,InStock,Grey,Shoes,adidas United States,adidas,USA,en,4.2,38
84,USD,InStock,White,Shoes,adidas United States,adidas,USA,en,4.8,80
84,USD,InStock,White,Shoes,adidas United States,adidas,USA,en,4.8,80
60,USD,InStock,White,Shoes,adidas United States,adidas,USA,en,4.8,78
46,USD,InStock,White,Shoes,adidas United States,adidas,USA,en,4.6,395
84,USD,InStock,Yellow,Shoes,adidas United States,adidas,USA,en,4.8,80
60,USD,InStock,Grey,Shoes,adidas United States,adidas,USA,en,4.6,377
28,USD,InStock,Blue,Shoes,adidas United States,adidas,USA,en,4.4,79
108,USD,InStock,Black,Shoes,adidas United States,adidas,USA,en,4.5,385
46,USD,InStock,Black,Shoes,adidas United States,adidas,USA,en,4.7,17
46,USD,InStock,White,Shoes,adidas United States,adidas,USA,en,4.7,17
60,USD,InStock,White,Shoes,adidas United States,adidas,USA,en,4.6,377
68,USD,InStock,Black,Shoes,adidas United States,adidas,USA,en,4.6,28
56,USD,InStock,Green,Shoes,adidas United States,adidas,USA,en,4.6,135
53,USD,OutOfStock,Black,Shoes,adidas United States,adidas,USA,en,4.8,78
80,USD,InStock,White,Shoes,adidas United States,adidas,USA,en,4.7,24
56,USD,InStock,White,Shoes,adidas United States,adidas,USA,en,4.4,44
96,USD,InStock,Purple,Shoes,adidas United States,adidas,USA,en,4.7,18
60,USD,InStock,Burgundy,Shoes,adidas United States,adidas,USA,en,4.6,377
56,USD,InStock,Black,Shoes,adidas United States,adidas,USA,en,4.5,72
56,USD,InStock,White,Shoes,adidas United States,adidas,USA,en,4.4,44
46,USD,InStock,White,Shoes,adidas United States,adidas,USA,en,4.7,17
56,USD,InStock,White,Shoes,adidas United States,adidas,USA,en,4.5,72
56,USD,InStock,Green,Shoes,adidas United States,adidas,USA,en,4.9,14
42,USD,InStock,Black,Shoes,adidas United States,adidas,USA,en,4.6,8
14,USD,InStock,Beige,Accessories,adidas United States,adidas,USA,en,4.7,55
52,USD,InStock,Red,Shoes,adidas United States,adidas,USA,en,4.7,105
32,USD,InStock,Blue,Clothing,adidas United States,adidas,USA,en,4.3,3
56,USD,InStock,Pink,Shoes,adidas United States,adidas,USA,en,4.8,29
32,USD,InStock,Multicolor,Accessories,adidas United States,adidas,USA,en,4.9,33
40,USD,InStock,Blue,Clothing,adidas United States,adidas,USA,en,5,4
12,USD,InStock,Grey,Accessories,adidas United States,adidas,USA,en,4.7,15
196,USD,InStock,Black,Accessories,adidas United States,adidas,USA,en,5,1
52,USD,InStock,Black,Clothing,adidas United States,adidas,USA,en,4.8,89
28,USD,InStock,Blue,Clothing,adidas United States,adidas,USA,en,4.7,18
28,USD,InStock,Blue,Accessories,adidas United States,adidas,USA,en,4.8,206
20,USD,InStock,White,Clothing,adidas United States,adidas,USA,en,4.5,29
60,USD,InStock,Multi,Clothing,adidas United States,adidas,USA,en,5,2
52,USD,InStock,Black,Shoes,adidas United States,adidas,USA,en,4.7,41
32,USD,InStock,Blue,Accessories,adidas United States,adidas,USA,en,4.8,38
80,USD,InStock,Purple,Clothing,adidas United States,adidas,USA,en,5,3
26,USD,InStock,Red,Clothing,adidas United States,adidas,USA,en,5,1
23,USD,InStock,Yellow,Clothing,adidas United States,adidas,USA,en,4.7,15
46,USD,InStock,Black,Clothing,adidas United States,adidas,USA,en,4.6,112
32,USD,InStock,Orange,Clothing,adidas United States,adidas,USA,en,5,1
42,USD,InStock,Grey,Shoes,adidas United States,adidas,USA,en,4.9,171
105,USD,InStock,Green,Shoes,adidas United States,adidas,USA,en,4.3,15
41,USD,InStock,Black,Clothing,adidas United States,adidas,USA,en,4.9,18
32,USD,InStock,Black,Clothing,adidas United States,adidas,USA,en,4.3,3
28,USD,InStock,Green,Clothing,adidas United States,adidas,USA,en,4,11
44,USD,InStock,Blue,Shoes,adidas United States,adidas,USA,en,4.5,191
56,USD,InStock,Black,Clothing,adidas United States,adidas,USA,en,4.8,39
19,USD,InStock,White,Clothing,adidas United States,adidas,USA,en,5,1
41,USD,InStock,Red,Clothing,adidas United States,adidas,USA,en,4.8,9
23,USD,InStock,Purple,Clothing,adidas United States,adidas,USA,en,4.8,13
36,USD,InStock,Purple,Clothing,adidas United States,adidas,USA,en,4.6,76
16,USD,InStock,Multicolor,Accessories,adidas United States,adidas,USA,en,4.8,120
56,USD,InStock,Green,Clothing,adidas United States,adidas,USA,en,5,1
56,USD,InStock,White,Clothing,adidas United States,adidas,USA,en,5,1
23,USD,InStock,White,Clothing,adidas United States,adidas,USA,en,4.2,9
56,USD,InStock,White,Clothing,adidas United States,adidas,USA,en,5,1
56,USD,InStock,Purple,Clothing,adidas United States,adidas,USA,en,5,1
40,USD,InStock,Green,Clothing,adidas United States,adidas,USA,en,5,1
56,USD,InStock,Green,Clothing,adidas United States,adidas,USA,en,5,1
40,USD,InStock,Black,Clothing,adidas United States,adidas,USA,en,5,1
20,USD,InStock,Blue,Clothing,adidas United States,adidas,USA,en,4.7,41
18,USD,InStock,Green,Clothing,adidas United States,adidas,USA,en,4.7,51
18,USD,InStock,Blue,Clothing,adidas United States,adidas,USA,en,4.7,51
36,USD,InStock,Blue,Clothing,adidas United States,adidas,USA,en,4.1,14
56,USD,InStock,Black,Clothing,adidas United States,adidas,USA,en,5,1
36,USD,InStock,Black,Clothing,adidas United States,adidas,USA,en,4.7,58
41,USD,InStock,Blue,Clothing,adidas United States,adidas,USA,en,4.7,58
32,USD,InStock,Black,Clothing,adidas United States,adidas,USA,en,4.5,34
26,USD,InStock,Grey,Clothing,adidas United States,adidas,USA,en,4.2,87
24,USD,InStock,Black,Clothing,adidas United States,adidas,USA,en,4.8,27
32,USD,InStock,Pink,Clothing,adidas United States,adidas,USA,en,4.1,50
28,USD,InStock,Black,Clothing,adidas United States,adidas,USA,en,4.8,11
25,USD,InStock,Pink,Clothing,adidas United States,adidas,USA,en,4.7,9
36,USD,InStock,Black,Clothing,adidas United States,adidas,USA,en,4.1,14
28,USD,InStock,Black,Clothing,adidas United States,adidas,USA,en,4.8,4
180,USD,InStock,Grey,Shoes,adidas United States,adidas,USA,en,4.2,562
180,USD,InStock,Orange,Shoes,adidas United States,adidas,USA,en,4.2,562
24,USD,InStock,Black,Clothing,adidas United States,adidas,USA,en,4.7,3
23,USD,InStock,Purple,Clothing,adidas United States,adidas,USA,en,4.6,7
20,USD,InStock,Pink,Clothing,adidas United States,adidas,USA,en,4.6,33
42,USD,InStock,Pink,Shoes,adidas United States,adidas,USA,en,4.6,14
40,USD,InStock,Pink,Clothing,adidas United States,adidas,USA,en,4,2
20,USD,InStock,Purple,Clothing,adidas United States,adidas,USA,en,4.6,33
27,USD,InStock,Grey,Clothing,adidas United States,adidas,USA,en,4.5,13
42,USD,InStock,Pink,Clothing,adidas United States,adidas,USA,en,4.5,2
40,USD,InStock,Purple,Shoes,adidas United States,adidas,USA,en,4.5,50
56,USD,InStock,Pink,Clothing,adidas United States,adidas,USA,en,5,1
52,USD,InStock,Red,Clothing,adidas United States,adidas,USA,en,4.6,14
32,USD,InStock,Pink,Clothing,adidas United States,adidas,USA,en,4.4,34
24,USD,InStock,Pink,Clothing,adidas United States,adidas,USA,en,4,2
72,USD,InStock,Purple,Clothing,adidas United States,adidas,USA,en,4.4,44
23,USD,InStock,Pink,Clothing,adidas United States,adidas,USA,en,4.7,15
28,USD,InStock,Pink,Clothing,adidas United States,adidas,USA,en,4.4,31
28,USD,InStock,Purple,Clothing,adidas United States,adidas,USA,en,4.8,12
23,USD,InStock,Pink,Clothing,adidas United States,adidas,USA,en,4.2,9
20,USD,InStock,Pink,Clothing,adidas United States,adidas,USA,en,4.4,10
28,USD,InStock,Pink,Clothing,adidas United States,adidas,USA,en,4.8,6
20,USD,InStock,Multicolor,Accessories,adidas United States,adidas,USA,en,5,2
46,USD,InStock,Purple,Clothing,adidas United States,adidas,USA,en,4.6,14
40,USD,InStock,Pink,Shoes,adidas United States,adidas,USA,en,4.8,79
40,USD,InStock,White,Shoes,adidas United States,adidas,USA,en,5,9
96,USD,InStock,Green,Shoes,adidas United States,adidas,USA,en,4.3,8
44,USD,InStock,Pink,Shoes,adidas United States,adidas,USA,en,4.8,16
36,USD,InStock,Pink,Clothing,adidas United States,adidas,USA,en,4.6,46
70,USD,InStock,White,Shoes,adidas United States,adidas,USA,en,4.7,135
84,USD,InStock,White,Shoes,adidas United States,adidas,USA,en,4.3,151
35,USD,InStock,White,Shoes,adidas United States,adidas,USA,en,4.5,13
105,USD,InStock,White,Shoes,adidas United States,adidas,USA,en,4.5,52
56,USD,InStock,Black,Shoes,adidas United States,adidas,USA,en,4.6,16
63,USD,InStock,Pink,Shoes,adidas United States,adidas,USA,en,4.5,42
70,USD,InStock,White,Shoes,adidas United States,adidas,USA,en,4.7,85
84,USD,InStock,White,Shoes,adidas United States,adidas,USA,en,5,6
56,USD,InStock,White,Shoes,adidas United States,adidas,USA,en,4.6,16
48,USD,InStock,Green,Shoes,adidas United States,adidas,USA,en,4.9,27
53,USD,InStock,White,Shoes,adidas United States,adidas,USA,en,5,4
70,USD,InStock,White,Shoes,adidas United States,adidas,USA,en,4.4,16
96,USD,InStock,White,Shoes,adidas United States,adidas,USA,en,4.3,8
70,USD,InStock,White,Shoes,adidas United States,adidas,USA,en,4.7,135
70,USD,InStock,White,Shoes,adidas United States,adidas,USA,en,4.6,21
56,USD,InStock,Black,Shoes,adidas United States,adidas,USA,en,4.5,50
44,USD,InStock,Grey,Shoes,adidas United States,adidas,USA,en,5,6
105,USD,InStock,White,Shoes,adidas United States,adidas,USA,en,4.5,52
16,USD,InStock,Green,Clothing,adidas United States,adidas,USA,en,4.5,63
96,USD,InStock,White,Shoes,adidas United States,adidas,USA,en,4.3,48
240,USD,InStock,Black,Clothing,adidas United States,adidas,USA,en,5,4
108,USD,InStock,Green,Clothing,adidas United States,adidas,USA,en,1,1
46,USD,InStock,Black,Shoes,adidas United States,adidas,USA,en,4.8,91
20,USD,InStock,Blue,Clothing,adidas United States,adidas,USA,en,4.8,34
32,USD,InStock,Blue,Clothing,adidas United States,adidas,USA,en,4.4,7
88,USD,InStock,Beige,Shoes,adidas United States,adidas,USA,en,4.8,16
44,USD,InStock,Black,Clothing,adidas United States,adidas,USA,en,4,4
39,USD,InStock,Blue,Shoes,adidas United States,adidas,USA,en,4.5,191
28,USD,InStock,Pink,Clothing,adidas United States,adidas,USA,en,4.1,9
36,USD,InStock,White,Shoes,adidas United States,adidas,USA,en,4.8,5
64,USD,InStock,Green,Shoes,adidas United States,adidas,USA,en,5,3
68,USD,InStock,White,Shoes,adidas United States,adidas,USA,en,3.8,69
56,USD,InStock,Pink,Shoes,adidas United States,adidas,USA,en,4.6,84
70,USD,InStock,White,Shoes,adidas United States,adidas,USA,en,4.6,21
49,USD,InStock,White,Shoes,adidas United States,adidas,USA,en,4.6,84
96,USD,InStock,White,Shoes,adidas United States,adidas,USA,en,4.5,50
56,USD,InStock,Black,Shoes,adidas United States,adidas,USA,en,4.6,84
64,USD,InStock,White,Shoes,adidas United States,adidas,USA,en,5,87
49,USD,InStock,White,Shoes,adidas United States,adidas,USA,en,4.6,84
126,USD,InStock,White,Shoes,adidas United States,adidas,USA,en,4,3
56,USD,InStock,White,Shoes,adidas United States,adidas,USA,en,4.6,84
128,USD,InStock,Blue,Shoes,adidas United States,adidas,USA,en,4.2,6
80,USD,InStock,Black,Shoes,adidas United States,adidas,USA,en,4.3,49
60,USD,InStock,White,Shoes,adidas United States,adidas,USA,en,4.6,57
60,USD,InStock,Black,Shoes,adidas United States,adidas,USA,en,4.6,57
52,USD,InStock,Black,Clothing,adidas United States,adidas,USA,en,4.8,30
52,USD,InStock,Grey,Clothing,adidas United States,adidas,USA,en,4.8,30
32,USD,InStock,Grey,Clothing,adidas United States,adidas,USA,en,4.6,10
21,USD,InStock,Red,Clothing,adidas United States,adidas,USA,en,4.8,233
72,USD,InStock,Black,Clothing,adidas United States,adidas,USA,en,4.8,26
72,USD,InStock,Blue,Shoes,adidas United States,adidas,USA,en,4.6,146
72,USD,InStock,Orange,Shoes,adidas United States,adidas,USA,en,4.6,146
56,USD,InStock,Red,Clothing,adidas United States,adidas,USA,en,4.8,39
20,USD,InStock,Gold,Clothing,adidas United States,adidas,USA,en,4.6,70
60,USD,InStock,Black,Clothing,adidas United States,adidas,USA,en,4.8,30
96,USD,InStock,Grey,Shoes,adidas United States,adidas,USA,en,4.3,48
20,USD,InStock,Orange,Accessories,adidas United States,adidas,USA,en,4.9,7
64,USD,InStock,Yellow,Shoes,adidas United States,adidas,USA,en,4.4,160
24,USD,InStock,Grey,Clothing,adidas United States,adidas,USA,en,4.8,157
20,USD,InStock,White,Clothing,adidas United States,adidas,USA,en,4.5,8
64,USD,InStock,Pink,Shoes,adidas United States,adidas,USA,en,4.4,160
18,USD,InStock,Blue,Clothing,adidas United States,adidas,USA,en,4.5,8
37,USD,InStock,Pink,Clothing,adidas United States,adidas,USA,en,4.9,9
56,USD,InStock,Red,Clothing,adidas United States,adidas,USA,en,4.6,52
180,USD,InStock,Yellow,Shoes,adidas United States,adidas,USA,en,4.2,562
180,USD,InStock,Black,Shoes,adidas United States,adidas,USA,en,4.2,562
64,USD,InStock,Black,Shoes,adidas United States,adidas,USA,en,4.7,51
180,USD,InStock,White,Shoes,adidas United States,adidas,USA,en,4.2,562
180,USD,InStock,Blue,Shoes,adidas United States,adidas,USA,en,4.2,562
180,USD,InStock,Grey,Shoes,adidas United States,adidas,USA,en,4.2,562
36,USD,InStock,Black,Clothing,adidas United States,adidas,USA,en,4.6,48
24,USD,InStock,Red,Clothing,adidas United States,adidas,USA,en,4.8,157
20,USD,InStock,Blue,Clothing,adidas United States,adidas,USA,en,4.6,70
60,USD,InStock,Black,Clothing,adidas United States,adidas,USA,en,4.7,38
180,USD,InStock,White,Shoes,adidas United States,adidas,USA,en,4.2,562
180,USD,InStock,Black,Shoes,adidas United States,adidas,USA,en,4.2,562
33,USD,InStock,Pink,Clothing,adidas United States,adidas,USA,en,4.7,133
52,USD,InStock,Red,Clothing,adidas United States,adidas,USA,en,4.7,249
32,USD,InStock,Blue,Clothing,adidas United States,adidas,USA,en,4.8,39
28,USD,InStock,Yellow,Clothing,adidas United States,adidas,USA,en,5,8
42,USD,InStock,Orange,Clothing,adidas United States,adidas,USA,en,4.9,72
48,USD,InStock,Black,Clothing,adidas United States,adidas,USA,en,4.8,4
24,USD,InStock,Green,Clothing,adidas United States,adidas,USA,en,4.5,44
80,USD,InStock,Green,Clothing,adidas United States,adidas,USA,en,4.8,60
64,USD,InStock,Green,Clothing,adidas United States,adidas,USA,en,4.7,99
40,USD,InStock,White,Shoes,adidas United States,adidas,USA,en,4.8,52
20,USD,InStock,Red,Clothing,adidas United States,adidas,USA,en,4.4,5
49,USD,InStock,Blue,Clothing,adidas United States,adidas,USA,en,4.8,32
24,USD,InStock,White,Clothing,adidas United States,adidas,USA,en,4.8,58
128,USD,InStock,Pink,Clothing,adidas United States,adidas,USA,en,5,4
24,USD,InStock,Green,Clothing,adidas United States,adidas,USA,en,4.6,45
68,USD,InStock,Black,Clothing,adidas United States,adidas,USA,en,4.7,3
128,USD,InStock,Green,Clothing,adidas United States,adidas,USA,en,5,4
80,USD,InStock,Black,Clothing,adidas United States,adidas,USA,en,4.8,60
46,USD,InStock,White,Shoes,adidas United States,adidas,USA,en,4.5,231
44,USD,InStock,Black,Clothing,adidas United States,adidas,USA,en,4.7,54
80,USD,InStock,Blue,Shoes,adidas United States,adidas,USA,en,4.3,13
20,USD,InStock,Blue,Clothing,adidas United States,adidas,USA,en,4.3,3
24,USD,InStock,Grey,Clothing,adidas United States,adidas,USA,en,4.8,58
80,USD,InStock,White,Shoes,adidas United States,adidas,USA,en,4.3,13
24,USD,InStock,Black,Clothing,adidas United States,adidas,USA,en,4.8,58
48,USD,InStock,Black,Clothing,adidas United States,adidas,USA,en,4.5,20
44,USD,InStock,Grey,Clothing,adidas United States,adidas,USA,en,4.7,54
17,USD,InStock,Purple,Accessories,adidas United States,adidas,USA,en,4.8,126
44,USD,InStock,Black,Clothing,adidas United States,adidas,USA,en,4.6,73
44,USD,InStock,White,Clothing,adidas United States,adidas,USA,en,4.6,73
21,USD,InStock,Black,Accessories,adidas United States,adidas,USA,en,4.7,25
14,USD,InStock,Multicolor,Accessories,adidas United States,adidas,USA,en,4.8,6
21,USD,InStock,Grey,Clothing,adidas United States,adidas,USA,en,4.4,9
36,USD,InStock,Pink,Clothing,adidas United States,adidas,USA,en,5,1
20,USD,InStock,Grey,Accessories,adidas United States,adidas,USA,en,5,51
21,USD,InStock,Green,Accessories,adidas United States,adidas,USA,en,4.8,4
28,USD,InStock,Black,Clothing,adidas United States,adidas,USA,en,4,1
20,USD,InStock,Grey,Accessories,adidas United States,adidas,USA,en,5,51
20,USD,InStock,Pink,Accessories,adidas United States,adidas,USA,en,5,51
70,USD,InStock,Black,Accessories,adidas United States,adidas,USA,en,4.7,3
20,USD,InStock,Grey,Accessories,adidas United States,adidas,USA,en,5,51
20,USD,InStock,Black,Accessories,adidas United States,adidas,USA,en,5,51
52,USD,InStock,Green,Shoes,adidas United States,adidas,USA,en,4.5,762
16,USD,InStock,Multicolor,Accessories,adidas United States,adidas,USA,en,4.7,34
36,USD,InStock,Blue,Clothing,adidas United States,adidas,USA,en,4.8,222
36,USD,InStock,Red,Clothing,adidas United States,adidas,USA,en,4.8,222
21,USD,InStock,White,Clothing,adidas United States,adidas,USA,en,4.7,102
32,USD,InStock,White,Clothing,adidas United States,adidas,USA,en,4.8,667
21,USD,InStock,Grey,Clothing,adidas United States,adidas,USA,en,4.7,102
13,USD,InStock,Multicolor,Accessories,adidas United States,adidas,USA,en,4.9,41
36,USD,InStock,Burgundy,Clothing,adidas United States,adidas,USA,en,4.8,222
52,USD,InStock,Purple,Shoes,adidas United States,adidas,USA,en,4.5,762
23,USD,InStock,Multicolor,Accessories,adidas United States,adidas,USA,en,5,2
52,USD,InStock,White,Shoes,adidas United States,adidas,USA,en,4.5,762
36,USD,InStock,White,Clothing,adidas United States,adidas,USA,en,4.8,222
15,USD,InStock,Grey,Accessories,adidas United States,adidas,USA,en,5,5
36,USD,InStock,Grey,Clothing,adidas United States,adidas,USA,en,4.8,222
40,USD,InStock,Black,Clothing,adidas United States,adidas,USA,en,4.8,4
23,USD,InStock,Multicolor,Accessories,adidas United States,adidas,USA,en,5,2
40,USD,InStock,Purple,Accessories,adidas United States,adidas,USA,en,4.9,76
80,USD,InStock,Pink,Shoes,adidas United States,adidas,USA,en,4.4,281
20,USD,InStock,Grey,Clothing,adidas United States,adidas,USA,en,4.5,29
112,USD,InStock,Black,Accessories,adidas United States,adidas,USA,en,5,2
28,USD,InStock,Black,Clothing,adidas United States,adidas,USA,en,4.6,15
20,USD,InStock,Blue,Clothing,adidas United States,adidas,USA,en,4.5,25
56,USD,InStock,White,Clothing,adidas United States,adidas,USA,en,4.9,17
60,USD,InStock,Multi,Clothing,adidas United States,adidas,USA,en,5,1
48,USD,InStock,Black,Clothing,adidas United States,adidas,USA,en,4.7,28
68,USD,InStock,White,Clothing,adidas United States,adidas,USA,en,4.7,15
41,USD,InStock,Black,Accessories,adidas United States,adidas,USA,en,5,9
48,USD,InStock,Grey,Clothing,adidas United States,adidas,USA,en,4.8,5
20,USD,InStock,White,Clothing,adidas United States,adidas,USA,en,4.5,25
25,USD,InStock,White,Clothing,adidas United States,adidas,USA,en,4.7,41
80,USD,InStock,Black,Clothing,adidas United States,adidas,USA,en,4.9,12
20,USD,InStock,Green,Clothing,adidas United States,adidas,USA,en,4.9,41
20,USD,InStock,Green,Clothing,adidas United States,adidas,USA,en,4.5,25
40,USD,InStock,Blue,Clothing,adidas United States,adidas,USA,en,4.9,25
36,USD,InStock,Blue,Clothing,adidas United States,adidas,USA,en,4.6,64
24,USD,InStock,White,Clothing,adidas United States,adidas,USA,en,4.9,7
45,USD,InStock,Burgundy,Clothing,adidas United States,adidas,USA,en,4.9,26
23,USD,InStock,Blue,Accessories,adidas United States,adidas,USA,en,4.5,2
63,USD,InStock,Black,Accessories,adidas United States,adidas,USA,en,4.7,7
20,USD,InStock,White,Clothing,adidas United States,adidas,USA,en,4.5,4
42,USD,InStock,Black,Clothing,adidas United States,adidas,USA,en,5,2
32,USD,InStock,Black,Clothing,adidas United States,adidas,USA,en,4.8,13
20,USD,InStock,Black,Clothing,adidas United States,adidas,USA,en,4.7,98
32,USD,InStock,White,Clothing,adidas United States,adidas,USA,en,4.8,13
32,USD,InStock,Green,Clothing,adidas United States,adidas,USA,en,4.8,13
28,USD,InStock,Black,Clothing,adidas United States,adidas,USA,en,5,5
28,USD,InStock,Yellow,Clothing,adidas United States,adidas,USA,en,4.8,23
32,USD,InStock,White,Clothing,adidas United States,adidas,USA,en,5,8
84,USD,InStock,Blue,Shoes,adidas United States,adidas,USA,en,4.3,151
49,USD,InStock,White,Shoes,adidas United States,adidas,USA,en,4.8,43
12,USD,InStock,White,Accessories,adidas United States,adidas,USA,en,5,9
44,USD,InStock,Blue,Shoes,adidas United States,adidas,USA,en,4.7,177
48,USD,InStock,Grey,Shoes,adidas United States,adidas,USA,en,4.7,177
42,USD,InStock,Pink,Shoes,adidas United States,adidas,USA,en,4.7,68
84,USD,InStock,Grey,Shoes,adidas United States,adidas,USA,en,4.3,151
52,USD,InStock,White,Shoes,adidas United States,adidas,USA,en,4.4,454
72,USD,InStock,White,Shoes,adidas United States,adidas,USA,en,4.3,151
70,USD,InStock,White,Shoes,adidas United States,adidas,USA,en,4.7,135
35,USD,InStock,Black,Shoes,adidas United States,adidas,USA,en,4.7,190
40,USD,InStock,Pink,Shoes,adidas United States,adidas,USA,en,4.7,190
70,USD,InStock,Black,Shoes,adidas United States,adidas,USA,en,4.7,135
